cluster,model_name,test_mape_0_100,test_wmape_0_100,test_n_obs
C10,tft_c10_ft,22.674136229577464,15.824537713875756,185808
C12,tft_c12_ft,17.97367647501264,14.727217405925401,477792
C6,direct_xgboost,15.650181583211818,15.41415756960264,2208
