{
  "overall_mape": 9.649607800548768,
  "cluster_mape": {
    "2": 8.940783128580332,
    "3": 13.34938599751668
  },
  "n_predictions": 426144,
  "n_nonzero_targets": 425184,
  "n_meters": 193,
  "meter_mape_head": {
    "MT_098": 8.973057250216167,
    "MT_099": 11.29919575195698,
    "MT_100": 16.08563966442072,
    "MT_101": 8.827754517592462,
    "MT_103": 9.77200932610139,
    "MT_104": 10.538860079802605,
    "MT_105": 16.325332897735457,
    "MT_125": 17.365961986461443,
    "MT_126": 11.426356509431836,
    "MT_135": 13.12777461123904
  }
}